{
  "config": {
    "total_count": 200,
    "school_sizes": {
      "small": 60,
      "medium": 100,
      "large": 40
    },
    "num_floors_range": [
      2,
      5
    ],
    "split": [
      0.7,
      0.15,
      0.15
    ],
    "base_seed": 42,
    "validate": true,
    "generated_at": "2026-06-17T18:43:00.101455"
  },
  "statistics": {
    "num_graphs": 200,
    "rooms_per_graph": {
      "mean": 76.3,
      "std": 25.776151768640716,
      "min": 44,
      "max": 118
    },
    "edges_per_graph": {
      "physical_mean": 93.615,
      "acoustic_mean": 4.965,
      "sight_mean": 43.54
    },
    "avg_room_type_counts": {
      "cafeteria": 1.0,
      "classroom": 22.8,
      "corridor": 13.4,
      "entrance_hall": 1.0,
      "gymnasium": 1.2,
      "library": 1.2,
      "music_room": 1.9,
      "office": 7.6,
      "special_classroom": 3.1,
      "staircase": 4.1,
      "storage": 3.8,
      "teacher_office": 3.8,
      "toilet": 11.4
    },
    "constraint_pass_rates": {
      "fire_exits": 0.0,
      "daylight": 1.0,
      "acoustic": 1.0,
      "connectivity": 0.17,
      "area_bounds": 1.0,
      "circulation_ratio": 0.52
    },
    "school_size_distribution": {
      "small": 60,
      "medium": 100,
      "large": 40
    },
    "avg_floors": 3.52,
    "split_counts": {
      "train": 140,
      "val": 30,
      "test": 30
    }
  },
  "split_info": {
    "train": {
      "count": 140,
      "indices": [
        0,
        2,
        3,
        5,
        6,
        8,
        10,
        12,
        15,
        16,
        17,
        19,
        22,
        23,
        24,
        25,
        26,
        27,
        28,
        29,
        30,
        31,
        33,
        34,
        35,
        36,
        38,
        39,
        40,
        42,
        43,
        44,
        45,
        46,
        47,
        49,
        50,
        51,
        53,
        54,
        55,
        56,
        57,
        58,
        61,
        62,
        64,
        65,
        68,
        69,
        70,
        71,
        73,
        74,
        75,
        77,
        80,
        82,
        84,
        86,
        87,
        89,
        90,
        91,
        95,
        96,
        97,
        98,
        99,
        100,
        101,
        102,
        103,
        104,
        105,
        107,
        109,
        110,
        111,
        114,
        115,
        116,
        117,
        118,
        119,
        122,
        123,
        126,
        127,
        129,
        131,
        132,
        134,
        135,
        137,
        138,
        139,
        140,
        142,
        143,
        144,
        145,
        146,
        147,
        148,
        149,
        152,
        154,
        156,
        160,
        161,
        162,
        163,
        164,
        165,
        166,
        167,
        168,
        169,
        171,
        172,
        173,
        174,
        175,
        177,
        178,
        179,
        181,
        182,
        185,
        186,
        187,
        188,
        189,
        190,
        191,
        193,
        194,
        195,
        199
      ]
    },
    "val": {
      "count": 30,
      "indices": [
        1,
        7,
        11,
        13,
        14,
        18,
        20,
        37,
        60,
        63,
        78,
        79,
        81,
        85,
        88,
        92,
        112,
        120,
        136,
        150,
        153,
        157,
        158,
        159,
        170,
        176,
        180,
        183,
        192,
        197
      ]
    },
    "test": {
      "count": 30,
      "indices": [
        4,
        9,
        21,
        32,
        41,
        48,
        52,
        59,
        66,
        67,
        72,
        76,
        83,
        93,
        94,
        106,
        108,
        113,
        121,
        124,
        125,
        128,
        130,
        133,
        141,
        151,
        155,
        184,
        196,
        198
      ]
    }
  },
  "saved_at": "2026-06-17T18:43:08.160753"
}